medical_term,meaning
Inflammation,"Derived from the Latin word inflammatio (nominative) or inflammationem (accusative), meaning ""a kindling"" or ""a setting on fire."" This comes from the verb inflammare, meaning ""to set on fire"" or, figuratively, ""to rouse or excite,"" which clearly relates to the heat and redness (flamma is Latin for 'flame') observed in the process."
Exudate,"Comes from the verb ""to exude,"" which is derived from the Latin exsūdāre.  Exsūdāre is a compound of ex- (""out of"") and sūdāre (""to sweat""), literally meaning ""to sweat out"" or ""to ooze out."""
Transudate,"The noun form, transudation, is a borrowing from the Latin tran(s)sūdātio. It is formed by combining the prefix trans- (""across,"" or ""through"") with sūdāre (""to sweat""), suggesting a process of passing fluid through a membrane."
stasis,"This term comes directly from the Greek word (stasis), which literally means ""a standing still. In a medical context, it refers to the cessation or slowing of the flow of blood or other body fluids."
Chemotaxis,"A compound term formed from the combining forms chemo- and -taxis. Chemo- relates to ""chemical action"" or ""chemicals,"" while -taxis comes from the Greek (taxis), meaning ""arrangement"" or ""order."" It thus means ""arrangement/movement in relation to chemicals."""
Phagocytosis,"This is a compound word formed from Ancient Greek roots. It combines (phagein), meaning ""to eat,"" and (kytos), meaning ""cell,"" giving the literal meaning ""cell-eating."""
Arachidonic Acid,"This adjective is derived from the New Latin term arachis, which is the genus name for the peanut plant. The name was historically linked to a saturated fatty acid, arachidic acid, found in peanut oil, which is structurally related to arachidonic acid."
Granulomatous,"This adjective is based on the noun ""granuloma,"" which comes from the Latin grānulum, meaning ""small grain"" (a diminutive of grānum or 'grain'). The suffix -oma is a Greek-derived medical suffix used to denote a mass, tumor, or morbid growth, resulting in a term for a mass made of small granules."
Regeneration,"Comes from the Latin regenerātiō, which is built from the prefix re- (""again"" or ""anew"") and the root generātiō (""generation"" or ""production""). The entire term literally means ""to bring forth again"" or ""generate anew."""
Angiosperms,"Derived from the Greek words (angeion), meaning ""vessel"" or ""container,"" and (sperma), meaning ""seed."" The term literally means ""contained seed,"" referring to the defining feature that their seeds are enclosed within an ovary (which develops into a fruit)."
Carpel,"Comes from the Greek (karpós), which means ""fruit."" It refers to the female reproductive organ that encloses the ovules, signifying the fruit-bearing part of the flower."
Stamen,"Derived from the Latin word stāmen, meaning ""thread,"" or ""warp thread"" (in weaving). This refers to the male reproductive organ's thread-like filament that supports the anther (where pollen is produced)."
Pollen,"Comes directly from the Latin word pollen, meaning ""fine flour"" or ""mill dust."" The fine, dust-like nature of the grains produced by the anther makes this an apt description."
Cotyledon,"Derived from the Greek word (kotylēdōn), meaning ""a cup-shaped cavity"" or ""socket."" It refers to the seed leaves of the embryo, which are often somewhat cupped or concave."
Endosperm,"A compound term combining the Greek prefix (endon), meaning ""within"" or ""inner,"" and (sperma), meaning ""seed."" It literally means ""inner seed,"" referring to the nutritive tissue found within the seed of flowering plants."
Gymnosperm,"Derived from the Greek words (gymnós), meaning ""naked"" or ""uncovered,"" and (sperma), meaning ""seed."" The term literally means ""naked seed,"" referring to the characteristic that their seeds are not enclosed within an ovary (fruit)."
Ginkgo,"The name comes from a corruption of the Japanese word ginkyō, which in turn derives from the Chinese character for ""silver apricot."" The genus name reflects the appearance of its fruit-like seeds, which are yellow-orange and slightly fleshy."
Pteridophytes,"The word Pteridophytes is a Neo-Latin compound term created from two Ancient Greek roots: Pterid- (from pterís, the fern) which ultimately comes from (pterón), meaning ""feather"" or ""wing.""-phyte (from phutón), meaning ""plant."" This literally translates to ""feather-plant"" or ""fern-plant,"" describing the characteristic feather-like (or pinnate) appearance of the fronds found on most ferns, which are the most common members of this group."
Bryophytes,"It is derived from Ancient Greek roots: Bryo- (from brúon), meaning ""tree moss"" or ""liverwort"". -phyte (from phutón), meaning ""plant’. Therefore, the term literally means ""moss plant"" or ""moss-like plant,"" referring to the group of non-vascular plants that includes mosses, liverworts, and hornworts."
Lichen,"The word comes from the Ancient Greek word leikhēn, which had two main meanings: It referred to the plant-like growth itself, which often appears scaly or crusty on rocks and trees. It also referred to a skin disease characterized by a scaly eruption or ringworm. The name was applied to the organism because of its crust-like, scaly appearance on substrates, resembling certain skin conditions. Lichens are unique because they are a symbiotic association of a fungus and an alga or cyanobacterium ."
deciduous,"The word Deciduous comes from the Latin word dēciduus, which means ""falling off"" or ""that falls down."" It is formed from the Latin verb dēcidere, which is a compound of the prefix dē- (""down from"" or ""away"") and the verb cadere (""to fall""). In botany, it refers to plants (like certain trees and shrubs) that shed their leaves seasonally (usually in autumn) or to any body part that is naturally shed or cast off after a specific period of time."
Adventitious:,"The word Adventitious comes from the Latin adjective adventīcius, which means ""coming from abroad,"" ""foreign,"" or ""extrinsic."" It is derived from the verb advenīre, a compound of ad- (""to"" or ""at"") and venīre (""to come""). In botany, it specifically refers to plant parts (like roots, buds, or shoots) that develop in an unusual or unexpected position—that is, they ""come to"" be where they aren't normally found (e.g., roots growing from a stem or leaf)."
Mycorrhizae,"The word is a compound term derived from Ancient Greek roots, specifically relating to the symbiotic relationship between fungi and plants: Myco- (from mýkēs), meaning ""fungus"" or ""mushroom."" -rhizae (from rhíza), meaning ""root."" Therefore, Mycorrhiza literally means ""fungus-root,"" accurately describing the intimate, beneficial association between a fungus and the roots of a vascular plant. "
Rhizomes,"It comes from the Greek word (rhizōma), which means ""mass of roots"" or ""root-like stalk."" It is derived from (rhíza), meaning ""root"" or ""base."" In botany, it refers to a horizontal underground stem that is distinguished from a true root by the presence of nodes, scale leaves, and buds ."
Petiolate,"This term comes from the Latin word petiōlus, which is the diminutive of pēs or pedis, meaning ""foot."" The word literally means ""little foot"" or ""little stalk,"" and refers to a leaf that possesses a petiole (leaf stalk) that attaches the leaf blade to the stem."
Pinnate,"Derived from the Latin word pinnātus, meaning ""feathered,"" or ""winged."" It comes from pinna (""feather"" or ""wing"") and describes leaves that are divided into leaflets arranged on either side of a central axis, resembling the structure of a feather."
Palmate,"Comes from the Latin word palmātus, meaning ""having the shape of a hand."" It is derived from palma (""palm of the hand""), and describes leaves or venation patterns that radiate outwards from a single point, like the fingers spread from the palm of a hand."
Glabrous,"The word comes from the Latin adjective glaber (and its feminine/neuter forms), which means ""smooth,"" ""hairless,"" or ""bald."" The term is related to the absence of hair, particularly the fine, soft hair (pubescence) found on some plants or animals. In botany, it specifically refers to plant surfaces (stems, leaves, or fruits) that are completely without hairs or scales, giving them a smooth feel."
Pubescent,"comes from the Latin verb pūbēscere, which means ""to reach puberty"" or ""to grow hairy."" It is derived from the Latin root pūbēs, which referred to the hair (specifically pubic hair) and the age of maturity. In botany, it describes a surface (like a leaf or stem) that is covered with a layer of fine, soft, short hairs or down, often giving it a velvety appearance."
Stellate,"The word comes from the Latin adjective stellātus, which means ""starry"" or ""set with stars."" It is derived directly from the Latin noun stella, meaning ""star."" In biology, it is used to describe anything that has a star-like or radial shape, characterized by several rays or projections extending from a central point (e.g., stellate hairs on a plant, or stellate cells in the liver)."
Schizocarp,"The word is a compound term formed from Ancient Greek roots, specifically used in botany to describe a type of fruit: Schizo- (from schizein), meaning ""to split"" or ""to cleave.""-carp (from karpós), meaning ""fruit."" The term literally means ""splitting fruit,"" which perfectly describes its structure: a dry fruit that, at maturity, splits apart into several indehiscent, one-seeded segments called mericarps (e.g., in plants of the carrot family or mallows)."
Xylem,"Derived from the Greek word xýlon, which means ""wood."" The term was chosen because this vascular tissue is the woody part of the plant, responsible for transporting water and providing structural support."
Phloem,"Derived from the Greek word phloiós, which means ""bark"" or ""rind."" This tissue is responsible for transporting sugars (food) and is located towards the outer part of the stem (often under the bark)."
Meristem,"The word Meristem comes from the Greek word meristos, meaning ""divisible"" or ""divided."" It is derived from the verb merizein, which means ""to divide."" In botany, it refers to the plant tissue that consists of undifferentiated cells capable of continuous cell division (mitosis), allowing the plant to grow."
Prokaryotes,"From Greek pro- ""before"" and karyon ""nut, kernel"" (referring to the nucleus). Literally means ""before-kernel"" or ""pre-nucleus,"" signifying cells lacking a true nucleus. The term was established in the 1960s to distinguish them from eukaryotes."
Eukaryotes,"From Greek eu- ""good, well, true"" and karyon ""nut, kernel"" (referring to the nucleus). Literally means ""true-kernel"" or ""true-nucleus,"" signifying cells having a membrane-bound nucleus. It describes the more complex cells of animals, plants, fungi, and protists."
Cytosol,"From Greek kytos ""a hollow vessel"" (cell) and Latin solvere ""to loosen or dissolve"" (via ""-sol""). It is the liquid part of the cytoplasm, essentially the ""cell-solution"" or ""cell-dissolved"" substance. The term was coined to differentiate the liquid from the organelles suspended within it."
chromosome,"From Greek chrōma ""color"" and sōma ""body."" Literally translates to ""color-body,"" due to their strong affinity for staining dyes used in microscopy. The term was introduced in the late 19th century by Heinrich von Waldeyer-Hartz."
desmosomes,"From Greek desmos ""bond, tie"" and sōma ""body."" Literally means ""bonding-body,"" referring to their function as spot welds or anchors between cells. They are specialized structures that provide strong adhesion and mechanical stability to tissues."
Chromatin,"From Greek chrōma ""color"" (referring to staining) and the suffix -in ""substance."" Literally translates to ""color-substance,"" the material that makes up chromosomes, due to its staining properties. It is the complex of DNA and proteins (histones) found inside the eukaryotic nucleus."
Ribosomes,"A blend of ribose (a sugar component of RNA) and Greek sōma ""body."" It is the ""RNA-body,"" a molecular machine essential for protein synthesis (translation). The term highlights their composition of ribosomal RNA (rRNA) and protein."
Lysosomes,"From Greek lysis ""to loosen, dissolve"" and sōma ""body."" Literally means ""dissolving-body,"" referring to their role in breaking down waste materials and cellular debris. They contain hydrolytic enzymes and function as the cell's waste disposal system."
Peroxisomes,"A blend of peroxide (referring to hydrogen peroxide) and Greek sōma ""body."" Literally the ""peroxide-body,"" as they are the site of reactions that generate and then safely break down hydrogen peroxide. They are tiny organelles involved in various metabolic processes, including fatty acid breakdown."
Mitochondria ,"From Greek mitos ""thread"" and chondrion ""small grain"" or ""granule."" Literally means ""thread-granules,"" a name derived from their thread-like or granular appearance under the microscope. They are the ""powerhouses"" of the cell, generating most of the cell's supply of ATP."
Chloroplasts,"From Greek chlōros ""pale green"" and plastos ""molded, formed."" Literally means ""green-forms,"" aptly describing the green-pigmented, formative organelle in plant cells and algae. They are the site of photosynthesis, responsible for converting light energy into chemical energy."
flagella,"The plural of flagellum, from Latin flagellum, meaning ""whip."" The name directly refers to their structure and function as whip-like appendages used for cell motility. They are thin, tail-like structures that allow cells (like sperm or bacteria) to swim."
Mitosis,"From Greek mitos ""thread"" and the suffix -osis ""process."" Literally means ""thread-process,"" referring to the characteristic thread-like appearance of condensed chromosomes during cell division. It is the process of cell division resulting in two genetically identical diploid daughter cells."
Meiosis,"From Greek meioun ""to make smaller"" or ""lessen"" and the suffix -osis ""process."" Literally means ""lessening-process,"" referring to the reduction in the number of chromosomes by half. It is the process of cell division that produces haploid gametes (sperm and egg) for sexual reproduction."
Epidermis,"From Greek epi “upon, on” and derma “skin.” It literally means “upon the skin,” referring to the outer layer. It emphasizes a covering that lies over the deeper dermis."
Squamous epithelium,"Squamous comes from Latin squama “scale,” so it means “scaly” or “scale‑like.” Epithelium derives from Greek epi “upon” and thēlē “nipple,” later generalized to a surface layer. Together it means a surface lining of flat, scale‑like cells."
Keratohyaline,"From Greek keras/kerato- “horn” (used for hard keratin) and hyalos “glass, transparent.” Literally “horn‑like glassy substance.” It refers to the glassy keratin‑related granules in certain skin layers."
Lamina lucida,"Latin lamina “thin plate, layer” and lucida from lucidus “bright, clear, shining.” Literally “clear thin layer.” It describes the transparent zone of the basement membrane."
Lamina densa,"Latin lamina “thin plate, layer” and densa from densus “thick, dense, crowded.” Literally “dense thin layer.” It denotes the compact, electron‑dense part of the basement membrane."
Stratum basale,"Latin stratum “spread out layer” and basale from basis “base, foundation.” Literally “basal layer” or “layer at the base.” It names the deepest germinative layer of the epidermis."
Meissner corpuscles,"“Corpuscle” is from Latin corpusculum, diminutive of corpus “body,” meaning “little body.” Meissner is the surname of the German anatomist who described these structures. The term means “Meissner’s little bodies,” small sensory bodies in the skin."
Pilosebaceous,"From Latin pilus “hair” and sebum “tallow, grease, fat,” plus the adjectival suffix ‑aceous “pertaining to.” Literally “relating to hair and sebum.” It refers to the combined unit of hair follicle and sebaceous gland."
Pacinian corpuscles,"“Corpuscle” again means “little body” from Latin corpusculum < corpus “body.” Pacinian comes from the surname of Italian anatomist Filippo Pacini. The term means “Pacini’s little bodies,” encapsulated pressure receptors in deep tissues."
Levator palpebrae,"From Latin levator “lifter, one that raises” and palpebrae from palpebra “eyelid.” Literally “lifter of the eyelid.” Refers to the muscle that raises the upper eyelid."
Corrugator supercilii,"Latin corrugare “to wrinkle, draw into folds” and supercilium “eyebrow.” Literally “wrinkler of the eyebrow.” Describes the small facial muscle that draws the eyebrows together and produces vertical forehead lines."
Levator anguli (oris),"Latin levator “lifter” and angulus oris “corner of the mouth.” Literally “lifter of the corner (of the mouth).” Names the muscle that elevates the angle of the mouth, as in smiling."
Puncta lacrimalis,"Latin punctum “point, small spot” (plural puncta) and lacrimalis from lacrima “tear.” Literally “little tear points.” Denotes the tiny openings on the eyelid margins that drain tears."
"Bowman’s capsule, stroma","“Capsule” from Latin capsula “little box or case”; named after Sir William Bowman, the anatomist who described it. “Stroma” from Greek stroma “that which is spread out, bed, mattress,” used for supporting tissue. Together, “Bowman’s little case and its supporting tissue.”"
Descemet’s membrane,"“Membrane” from Latin membrana “thin skin, parchment.” “Descemet” comes from French anatomist Jean Descemet, who characterized this corneal layer. So the term means “the thin layer (membrane) described by Descemet.”"
Pars iridica,"Latin pars “part” and iridica from iris “rainbow, colored ring of the eye.” Literally “iris part.” Refers to the portion of a structure (such as the retina or ciliary body) associated with the iris."
Pars ciliaris,"Latin pars “part” and ciliaris from cilium “eyelash; edge of the eyelid,” later extended to “ciliary body.” Literally “ciliary part.” Indicates the segment related to the ciliary body of the eye."
Vitreous humor,"Latin vitreus “glassy, made of glass” and humor “moisture, fluid.” Literally “glassy fluid.” Describes the clear, gel‑like substance filling the space behind the lens of the eye."
Pericardium,From Greek peri “around” and kardia “heart.” Literally “around the heart.” Refers to the sac that surrounds the heart.
Myocardium,From Greek myo “muscle” and kardia “heart.” Literally “heart muscle.” Names the muscular wall of the heart.
Atrium,"From Latin atrium “central hall of a Roman house, main room.” Later applied to the heart’s entrance chambers. Implies an “entrance hall” where blood first arrives."
Ventricle,"From Latin ventriculus “little belly,” diminutive of venter “belly, abdomen.” Literally “small belly” or “small cavity.” Used for the main pumping chambers of the heart and brain cavities."
Aorta,"From Greek aortē, traditionally linked to aeirein “to lift, to raise.” Interpreted as “that which is hung up or lifted.” Used for the main arterial trunk leaving the heart."
Tricuspid,"From Latin tri- “three” and cuspis “point, cusp.” Literally “three-pointed.” Describes a valve with three pointed cusps or leaflets."
Systole,"From Greek systolē “a drawing together, contraction,” from syn “together” and stellein “to send, draw.” Literally “a contracting together.” Refers to the phase when the heart contracts."
Sarcoplasmic reticulum,"Sarco- from Greek sarx/sarkos “flesh,” plasma “something molded, formed,” and Latin reticulum “little net.” Literally “little net of the flesh-forming substance.” Names the network of tubules in muscle cell cytoplasm."
Purkinje,"Eponym from Jan Evangelista Purkyně (Latinized “Purkinje”), the Czech physiologist who described these fibers. The name itself carries no descriptive Latin or Greek meaning in anatomy. It designates the specialized conduction fibers in the heart."
